{
  "ppg_min": 0.0,
  "ppg_max": 4.002932551319648,
  "ecg_mean": 0.35996922409465415,
  "ecg_std": 0.3339138051448688,
  "bp_min": 51.70909090909091,
  "bp_max": 195.05903391369844
}